"","scientificName","scientificName_gbif","species_gbif","usageKey","sepciesKey","rank","status"
"1","Ephedranthus pisocarpus R.E.Fr.","Ephedranthus pisocarpus R.E.Fr.","Ephedranthus pisocarpus","3156205","3156205","SPECIES","ACCEPTED"
"2","Unonopsis renatoi Maas & Westra","Unonopsis renatoi Maas & Westra","Unonopsis renatoi","7902485","7902485","SPECIES","ACCEPTED"
"3","Aspidosperma camporum Müll.Arg.","Aspidosperma camporum Müll.Arg.","Aspidosperma camporum","3619201","3619201","SPECIES","ACCEPTED"
"4","Aspidosperma dispermum Müll.Arg.","Aspidosperma dispermum Müll.Arg.","Aspidosperma dispermum","3618738","3618738","SPECIES","ACCEPTED"
"5","Aspidosperma illustre (Vell.) Kuhlm. & Pirajá","Aspidosperma illustre Kuhlm. & Piraja","Aspidosperma illustre","3618312","3618312","SPECIES","ACCEPTED"
"6","Aspidosperma thomasii Marc.-Ferr.","Aspidosperma thomasii W.Marcondes-Ferreira","Aspidosperma thomasii","3616551","3616551","SPECIES","ACCEPTED"
"7","Lacmellea bahiensis J.F.Morales","Lacmellea bahiensis J.F.Morales","Lacmellea bahiensis","3618085","3618085","SPECIES","ACCEPTED"
"8","Lacmellea pauciflora (Kuhlm.) Markgr.","Lacmellea pauciflora (Kuhlm.) Markgr.","Lacmellea pauciflora","3617811","3617811","SPECIES","ACCEPTED"
"9","Rauvolfia atlantica Emygdio","Rauvolfia atlantica Emygdio","Rauvolfia atlantica","7535975","7535975","SPECIES","ACCEPTED"
"10","Rauvolfia capixabae I.Koch & Kin.-Gouv.","Rauvolfia capixabae I.Koch & Kin.-Gouv.","Rauvolfia capixabae","3618250","3618250","SPECIES","ACCEPTED"
"11","Rauvolfia pruinosifolia I.Koch & Kin.-Gouv.","Rauvolfia pruinosifolia I.Koch & Kin.-Gouv.","Rauvolfia pruinosifolia","3616906","3616906","SPECIES","ACCEPTED"
"12","Ilex cerasifolia Reissek","Ilex cerasifolia Reissek","Ilex cerasifolia","7315938","7315938","SPECIES","ACCEPTED"
"13","Ilex euryaeformis Reissek","Ilex euryaeformis Reissek","Ilex euryaeformis","5534240","5534240","SPECIES","ACCEPTED"
"14","Ilex floribunda Reissek ex Maxim.","Ilex floribunda Reissek ex Maxim.","Ilex floribunda","7315796","7315796","SPECIES","ACCEPTED"
"15","Ilex lundii Warm.","Ilex lundii Warm.","Ilex lundii","7315893","7315893","SPECIES","ACCEPTED"
"16","Ilex sapotifolia Reissek","Ilex sapotifolia Reissek","Ilex sapotifolia","5533610","5533610","SPECIES","ACCEPTED"
"17","Ilex velutina Reissek","Ilex velutina Mart. ex Reissek","Ilex velutina","7315906","7315906","SPECIES","ACCEPTED"
"18","Dendropanax brasiliensis (Seem.) Frodin","Dendropanax brasiliensis (Seem.) Frodin","Dendropanax brasiliensis","3034981","3034981","SPECIES","ACCEPTED"
"19","Dendropanax denticulatus Fiaschi","Dendropanax denticulatus Fiaschi","Dendropanax denticulatus","3035193","3035193","SPECIES","ACCEPTED"
"20","Dendropanax nebulosus Fiaschi & Jung-Mend.","Dendropanax nebulosus Fiaschi & Jung-Mend.","Dendropanax nebulosus","3035179","3035179","SPECIES","ACCEPTED"
"21","Schefflera burchellii (Seem.) Frodin & Fiaschi","Schefflera burchellii (Seem.) Frodin & Fiaschi","Schefflera burchellii","3037977","3037977","SPECIES","ACCEPTED"
"22","Schefflera longipetiolata (Pohl ex DC.) Frodin & Fiaschi","Schefflera longipetiolata (Pohl ex DC.) Frodin & Fiaschi","Schefflera longipetiolata","3037742","3037742","SPECIES","ACCEPTED"
"23","Schefflera selloi (Marchal) Frodin & Fiaschi","Schefflera selloi (Marchal) Frodin & Fiaschi","Schefflera selloi","3037722","3037722","SPECIES","ACCEPTED"
"24","Acritopappus prunifolius R.M.King & H.Rob.","Acritopappus prunifolius R.M.King & H.Rob.","Acritopappus prunifolius","3101611","3101611","SPECIES","ACCEPTED"
"25","Lychnophora rupestris Semir","Lychnophora rupestris Semir","Lychnophora rupestris","7885116","7885116","SPECIES","ACCEPTED"
"26","Lychnophora staavioides Mart.","Lychnophora staavioides Mart.","Lychnophora staavioides","5399413","5399413","SPECIES","ACCEPTED"
"27","Piptocarpha axillaris (Less.) Baker","Piptocarpha axillaris (Less.) Baker","Piptocarpha axillaris","5406642","5406642","SPECIES","ACCEPTED"
"28","Piptocarpha densifolia Dusén ex G. Lom. Sm.","Piptocarpha densifolia G.Lom.Sm.","Piptocarpha densifolia","5406613","5406613","SPECIES","ACCEPTED"
"29","Piptocarpha organensis Cabrera","Piptocarpha organensis Cabrera","Piptocarpha organensis","5406550","5406550","SPECIES","ACCEPTED"
"30","Cordia aberrans I.M.Johnst.","Cordia aberrans I.M.Johnst.","Cordia aberrans","5660353","5660353","SPECIES","ACCEPTED"
"31","Cordia anabaptista Cham.","Cordia anabaptista Cham.","Cordia anabaptista","5660265","5660265","SPECIES","ACCEPTED"
"32","Protium widgrenii Engl.","Protium widgrenii Engl.","Protium widgrenii","7286758","7286758","SPECIES","ACCEPTED"
"33","Cinnamodendron axillare Endl. ex Walp.","Cinnamodendron axillare Endl. ex Walp.","Cinnamodendron axillare","3877817","3877817","SPECIES","ACCEPTED"
"34","Monteverdia ardisiifolia (Reissek) Biral","Monteverdia ardisiifolia (Reissek) Biral","Monteverdia ardisiifolia","9757131","9757131","SPECIES","ACCEPTED"
"35","Monteverdia cestrifolia (Reissek) Biral","Monteverdia cestrifolia (Reissek) Biral","Monteverdia cestrifolia","9747611","9747611","SPECIES","ACCEPTED"
"36","Monteverdia glaucescens (Reissek) Biral","Monteverdia glaucescens (Reissek) Biral","Monteverdia glaucescens","9712285","9712285","SPECIES","ACCEPTED"
"37","Monteverdia littoralis (R.M. Carvalho-Okano) Biral","Monteverdia littoralis (Carv.-Okano) Biral","Monteverdia littoralis","9691360","9691360","SPECIES","ACCEPTED"
"38","Monteverdia macrophylla (Mart.) Biral","Monteverdia macrophylla (Mart.) Biral","Monteverdia macrophylla","9773991","9773991","SPECIES","ACCEPTED"
"39","Monteverdia rigida (Mart.) Biral","Monteverdia rigida (Mart.) Biral","Monteverdia rigida","9797964","9797964","SPECIES","ACCEPTED"
"40","Couepia venosa Prance","Couepia venosa Prance","Couepia venosa","2984817","2984817","SPECIES","ACCEPTED"
"41","Licania nitida Hook.f.","Licania nitida Hook.","Licania nitida","2985373","2985373","SPECIES","ACCEPTED"
"42","Clusia dardanoi G.Mariz & Maguire","Clusia dardanoi G.Mariz & Maguire","Clusia dardanoi","5555508","5555508","SPECIES","ACCEPTED"
"43","Terminalia eichleriana Alwan & Stace","Terminalia eichleriana Alwan & Stace","Terminalia eichleriana","3699658","3699658","SPECIES","ACCEPTED"
"44","Terminalia mameluco Pickel","Terminalia mameluco Pickel","Terminalia mameluco","3699917","3699917","SPECIES","ACCEPTED"
"45","Terminalia phaeocarpa Eichler","Terminalia phaeocarpa Eichler","Terminalia phaeocarpa","3698769","3698769","SPECIES","ACCEPTED"
"46","Connarus detersus Planch.","Connarus detersus Planch.","Connarus detersus","3686496","3686496","SPECIES","ACCEPTED"
"47","Connarus nodosus Baker","Connarus nodosus Baker","Connarus nodosus","3687172","3687172","SPECIES","ACCEPTED"
"48","Stephanopodium blanchetianum Baill.","Stephanopodium blanchetianum Baill.","Stephanopodium blanchetianum","4195763","4195763","SPECIES","ACCEPTED"
"49","Tapura lanceolata (Ducke) Rizzini","Tapura lanceolata (Ducke) Rizzini","Tapura lanceolata","4195929","4195929","SPECIES","ACCEPTED"
"50","Diospyros akaraiensis A.C.Sm.","Diospyros akaraiensis A.C.Sm.","Diospyros guianensis","4069979","6056977","SPECIES","SYNONYM"
"51","Diospyros brasiliensis Mart. ex Miq.","Diospyros brasiliensis Mart. ex Miq.","Diospyros brasiliensis","4070363","4070363","SPECIES","ACCEPTED"
"52","Diospyros bullata A.C.Sm.","Diospyros bullata A.C.Sm.","Diospyros bullata","4070306","4070306","SPECIES","ACCEPTED"
"53","Diospyros coccolobifolia Mart. ex Miq.","Diospyros coccolobifolia Mart. ex Miq.","Diospyros coccolobifolia","4071176","4071176","SPECIES","ACCEPTED"
"54","Diospyros santaremnensis Sandwith","Diospyros santaremnensis Sandwith","Diospyros santaremnensis","4071165","4071165","SPECIES","ACCEPTED"
"55","Agarista glaberrima (Sleumer) Judd","Agarista glaberrima (Sleumer) Judd","Agarista glaberrima","5684783","5684783","SPECIES","ACCEPTED"
"56","Agarista revoluta (Spreng.) J.D. Hook. ex Nied.","Agarista revoluta (Sprengel) J.D.Hooker ex Niedenzu","Agarista revoluta","8243352","8243352","SPECIES","ACCEPTED"
"57","Gaylussacia salicifolia Sleumer","Gaylussacia salicifolia Sleumer","Gaylussacia salicifolia","7373080","7373080","SPECIES","DOUBTFUL"
"58","Erythroxylum affine A.St.-Hil.","Erythroxylum affine A.St.-Hil.","Erythroxylum affine","7657079","7657079","SPECIES","ACCEPTED"
"59","Erythroxylum andrei Plowman","Erythroxylum andrei Plowman","Erythroxylum andrei","3694026","3694026","SPECIES","ACCEPTED"
"60","Erythroxylum columbinum Mart.","Erythroxylum columbinum Mart.","Erythroxylum columbinum","3694417","3694417","SPECIES","ACCEPTED"
"61","Erythroxylum frangulifolium A.St.-Hil.","Erythroxylum frangulifolium A.St.-Hil.","Erythroxylum frangulifolium","3694275","3694275","SPECIES","ACCEPTED"
"62","Erythroxylum grandifolium Peyr.","Erythroxylum grandifolium Peyr.","Erythroxylum grandifolium","3694108","3694108","SPECIES","ACCEPTED"
"63","Erythroxylum hamigerum O.E.Schulz","Erythroxylum hamigerum O.E.Schulz","Erythroxylum hamigerum","3694053","3694053","SPECIES","ACCEPTED"
"64","Erythroxylum macrocalyx Mart.","Erythroxylum macrocalyx Mart.","Erythroxylum macrocalyx","3694037","3694037","SPECIES","ACCEPTED"
"65","Erythroxylum nobile O.E.Schulz","Erythroxylum nobile O.E.Schulz","Erythroxylum nobile","3694113","3694113","SPECIES","ACCEPTED"
"66","Erythroxylum ochranthum Mart.","Erythroxylum ochranthum Mart.","Erythroxylum ochranthum","3693980","3693980","SPECIES","ACCEPTED"
"67","Erythroxylum polygonoides Mart.","Erythroxylum polygonoides Mart.","Erythroxylum polygonoides","3694155","3694155","SPECIES","ACCEPTED"
"68","Erythroxylum splendidum Plowman","Erythroxylum splendidum Plowman","Erythroxylum splendidum","3694248","3694248","SPECIES","ACCEPTED"
"69","Actinostemon roselii L. Oliveira, A.L. Melo & M.F. Sales","Actinostemon roselii L.Oliveira, A.L.Melo & M.F.Sales","Actinostemon roselii","8958303","8958303","SPECIES","ACCEPTED"
"70","Algernonia brasiliensis Baill.","Algernonia brasiliensis Baill.","Algernonia brasiliensis","3061275","3061275","SPECIES","ACCEPTED"
"71","Algernonia riedelii (Müll.Arg.) G.L.Webster","Algernonia riedelii (Müll.Arg.) G.L.Webster","Algernonia riedelii","3061288","3061288","SPECIES","ACCEPTED"
"72","Croton alchorneicarpus Croizat","Croton alchorneicarpus Croizat","Croton alchorneicarpus","3059844","3059844","SPECIES","ACCEPTED"
"73","Croton hemiargyreus Müll.Arg.","Croton hemiargyreus Müll.Arg.","Croton hemiargyreus","3060012","3060012","SPECIES","ACCEPTED"
"74","Croton sacaquinha Croizat","Croton sacaquinha Croizat","Croton sacaquinha","3058923","3058923","SPECIES","ACCEPTED"
"75","Croton vulnerarius Baill.","Croton vulnerarius Baill.","Croton vulnerarius","3058536","3058536","SPECIES","ACCEPTED"
"76","Gymnanthes gaudichaudii Müll. Arg.","Gymnanthes gaudichaudii Müll.Arg.","Gymnanthes gaudichaudii","3061223","3061223","SPECIES","ACCEPTED"
"77","Joannesia heveoides Ducke","Joannesia heveoides Ducke","Joannesia heveoides","3075092","3075092","SPECIES","ACCEPTED"
"78","Mabea glaziovii Pax & K.Hoffm.","Mabea glaziovii Pax & K.Hoffm.","Mabea glaziovii","3071851","3071851","SPECIES","ACCEPTED"
"79","Sapium sellowianum (Müll.Arg.) Huber","Sapium sellowianum (Müll.Arg.) Huber","Sapium sellowianum","9014414","5379911","SPECIES","SYNONYM"
"80","Sebastiania jacobinensis (Müll.Arg.) Müll.Arg.","Sebastiania jacobinensis Müll.Arg.","Sebastiania jacobinensis","5380638","5380638","SPECIES","ACCEPTED"
"81","Stillingia loranthacea (Müll. Arg.) Pax","Stillingia loranthacea (Müll.Arg.) Pax","Stillingia saxatilis","3055125","3055123","SPECIES","SYNONYM"
"82","Stillingia oppositifolia Baill. ex Müll.Arg.","Stillingia oppositifolia Müll.Arg.","Stillingia oppositifolia","3055129","3055129","SPECIES","ACCEPTED"
"83","Tetrorchidium parvulum Müll. Arg.","Tetrorchidium parvulum Müll.Arg.","Tetrorchidium parvulum","3062939","3062939","SPECIES","ACCEPTED"
"84","Abarema campestris (Spruce ex Benth.) Barneby & J.W.Grimes","Abarema campestris (Spruce ex Benth.) Barneby & J.W.Grimes","Abarema campestris","2977811","2977811","SPECIES","ACCEPTED"
"85","Abarema langsdorffii (Benth.) Barneby & J.W.Grimes","Abarema langsdorffii (Benth.) Barneby & J.W.Grimes","Abarema langsdorfii","3794970","2977823","SPECIES","SYNONYM"
"86","Abarema villosa Iganci & M.P.Morim","Abarema villosa Iganci & M.P.Morim","Abarema villosa","7768545","7768545","SPECIES","ACCEPTED"
"87","Acosmium lentiscifolium Schott","Acosmium lentiscifolium Schott","Acosmium lentiscifolium","2967003","2967003","SPECIES","ACCEPTED"
"88","Bauhinia bombaciflora Ducke","Bauhinia bombaciflora Ducke","Bauhinia bombaciflora","2952949","2952949","SPECIES","ACCEPTED"
"89","Bauhinia grandifolia (Bong.) Steud.","Bauhinia grandifolia (Bong.) Steud.","Bauhinia grandifolia","8366095","8366095","SPECIES","DOUBTFUL"
"90","Bauhinia longipedicellata Ducke","Bauhinia longipedicellata Ducke","Bauhinia longipedicellata","2953438","2953438","SPECIES","ACCEPTED"
"91","Bauhinia ovata (Bong.) Vogel","Bauhinia ovata Vogel","Bauhinia ovata","2953003","2953003","SPECIES","ACCEPTED"
"92","Chamaecrista aspleniifolia (H.S.Irwin & Barneby) H.S.Irwin & Barneby","Chamaecrista aspleniifolia (H.S.Irwin & Barneby) H.S.Irwin & Barneby","Chamaecrista aspleniifolia","2949658","2949658","SPECIES","ACCEPTED"
"93","Chamaecrista blanchetii (Benth.) Conc. et al.","Chamaecrista blanchetii (Benth.) Conc., L.P.Queiroz & G.P.Lewis","Chamaecrista cytisoides","7654582","2950121","SPECIES","SYNONYM"
"94","Chamaecrista brachystachya (Benth.) Conc. et al.","Chamaecrista brachystachya (Benth.) Conc., L.P.Queiroz & G.P.Lewis","Chamaecrista cytisoides","3979644","2950121","SPECIES","SYNONYM"
"95","Chamaecrista confertiformis (H.S.Irwin & Barneby) Conc. et al.","Chamaecrista confertiformis (H.S.Irwin & Barneby) Conc., L.P.Queiroz & G.P.Lewis","Chamaecrista confertiformis","3979433","3979433","SPECIES","ACCEPTED"
"96","Chamaecrista decora (H.S.Irwin & Barneby) Conc. et al.","Chamaecrista decora (H.S.Irwin & Barneby) Conc., L.P.Queiroz & G.P.Lewis","Chamaecrista cytisoides","3979345","2950121","SPECIES","SYNONYM"
"97","Chamaecrista duartei (H.S.Irwin) H.S.Irwin & Barneby","Chamaecrista duartei (H.S.Irwin) H.S.Irwin & Barneby","Chamaecrista duartei","2949970","2949970","SPECIES","ACCEPTED"
"98","Chamaecrista hedysaroides (Vogel) H.S.Irwin & Barneby","Chamaecrista hedysaroides (Vogel) H.S.Irwin & Barneby","Chamaecrista hedysaroides","2950666","2950666","SPECIES","ACCEPTED"
"99","Copaifera sabulicola J.Costa & L.P.Queiroz","Copaifera sabulicola J.A.S.Costa & L.P.Queiroz","Copaifera sabulicola","3932012","3932012","SPECIES","ACCEPTED"
"100","Dalbergia acuta Benth.","Dalbergia acuta Benth.","Dalbergia acuta","2968907","2968907","SPECIES","ACCEPTED"
"101","Dalbergia decipularis Rizzini & A.Mattos","Dalbergia decipularis Rizzini & A.Mattos","Dalbergia decipularis","2968679","2968679","SPECIES","ACCEPTED"
"102","Dalbergia glaucescens (Mart. ex Benth.) Benth.","Dalbergia glaucescens Benth.","Dalbergia glaucescens","2968371","2968371","SPECIES","ACCEPTED"
"103","Erythrina speciosa Andrews","Erythrina speciosa Andrews","Erythrina speciosa","5349528","5349528","SPECIES","ACCEPTED"
"104","Exostyles venusta Schott","Exostyles venusta Schott","Exostyles venusta","7626770","7626770","SPECIES","DOUBTFUL"
"105","Hymenaea altissima Ducke","Hymenaea altissima Ducke","Hymenaea courbaril","2950753","2950750","SPECIES","SYNONYM"
"106","Hymenaea aurea Y.T.Lee & Langenh.","Hymenaea aurea Y.T.Lee & Langenh.","Hymenaea aurea","2950772","2950772","SPECIES","ACCEPTED"
"107","Hymenaea fariana R.D. Ribeiro, D.B.O.S. Cardoso & H.C. Lima","Hymenaea fariana R.D.Ribeiro, D.B.O.S.Cardoso & H.C.Lima","Hymenaea fariana","8397615","8397615","SPECIES","ACCEPTED"
"108","Hymenaea longifolia (Benth.) I.M.Souza, Funch & L.P.Queiroz","Hymenaea longifolia (Benth.) I.M.Souza, Funch & L.P.Queiroz","Hymenaea courbaril","7875279","2950750","SPECIES","SYNONYM"
"109","Hymenolobium alagoanum Ducke","Hymenolobium alagoanum Ducke","Hymenolobium alagoanum","2951898","2951898","SPECIES","ACCEPTED"
"110","Inga congesta T.D.Penn.","Inga congesta T.D.Penn.","Affonsea bullata","5357299","2965154","SPECIES","SYNONYM"
"111","Inga schinifolia Benth.","Inga schinifolia Benth.","Inga schinifolia","5357551","5357551","SPECIES","ACCEPTED"
"112","Leptolobium bijugum (Spreng.) Vogel","Leptolobium bijugum Vogel","Acosmium bijugum","5358423","2970527","SPECIES","SYNONYM"
"113","Leptolobium brachystachyum (Benth.) Sch.Rodr. & A.M.G.Azevedo","Leptolobium brachystachyum (Benth.) Sch.Rodr. & A.M.G.Azevedo","Acosmium brachystachyum","5633810","2970541","SPECIES","SYNONYM"
"114","Luetzelburgia purpurea D.B.O.S.Cardoso, L.P.Queiroz & H.C.Lima","Luetzelburgia purpurea D.B.O.S.Cardoso, L.P.Queiroz & H.C.Lima","Luetzelburgia purpurea","3974020","3974020","SPECIES","ACCEPTED"
"115","Machaerium incorruptibile (Vell.) Benth.","Machaerium incorruptibile Benth.","Machaerium incorruptibile","5355071","5355071","SPECIES","ACCEPTED"
"116","Machaerium ovalifolium Glaz. ex Rudd","Machaerium ovalifolium Glaz. ex Rudd","Machaerium ovalifolium","5355018","5355018","SPECIES","ACCEPTED"
"117","Macrolobium brevense Ducke","Macrolobium brevense Ducke","Macrolobium brevense","2948796","2948796","SPECIES","ACCEPTED"
"118","Macrolobium latifolium Vogel","Macrolobium latifolium Vogel","Macrolobium latifolium","2948811","2948811","SPECIES","ACCEPTED"
"119","Macrolobium rigidum R.S.Cowan","Macrolobium rigidum R.S.Cowan","Macrolobium rigidum","2948849","2948849","SPECIES","ACCEPTED"
"120","Mimosa adenotricha Benth.","Mimosa adenotricha Benth.","Mimosa adenotricha","2970259","2970259","SPECIES","ACCEPTED"
"121","Mimosa dichroa Barneby ex G.P.Lewis","Mimosa dichroa G.P.Lewis","Mimosa dichroa","2969783","2969783","SPECIES","ACCEPTED"
"122","Mimosa laticifera Rizzini & A.Mattos","Mimosa laticifera Rizzini & A.Mattos","Mimosa obovata","2970030","2970029","SPECIES","SYNONYM"
"123","Mimosa pteridifolia Benth.","Mimosa pteridifolia Benth.","Mimosa pteridifolia","2970164","2970164","SPECIES","ACCEPTED"
"124","Mimosa schomburgkii Benth.","Mimosa schomburgkii Benth.","Mimosa schomburgkii","2969499","2969499","SPECIES","ACCEPTED"
"125","Mimosa sericantha Benth.","Mimosa sericantha Benth.","Mimosa sericantha","2970275","2970275","SPECIES","ACCEPTED"
"126","Mora paraensis (Ducke) Ducke","Mora paraensis Ducke","Mora paraensis","5355418","5355418","SPECIES","ACCEPTED"
"127","Ormosia minor Vogel","Ormosia minor Vogel","Ormosia minor","5355553","5355553","SPECIES","ACCEPTED"
"128","Parapiptadenia blanchetii (Benth.) Vaz & M.P.Lima","Parapiptadenia blanchetii (Benth.) Vaz & M.P.Lima","Parapiptadenia blanchetii","2941627","2941627","SPECIES","ACCEPTED"
"129","Piptadenia macradenia Benth.","Piptadenia macradenia Benth.","Piptadenia macradenia","3975333","3975333","SPECIES","ACCEPTED"
"130","Poecilanthe grandiflora Benth.","Poecilanthe grandiflora Benth.","Poecilanthe falcata","2947786","2947784","SPECIES","SYNONYM"
"131","Poecilanthe itapuana G.P.Lewis","Poecilanthe itapuana G.P.Lewis","Poecilanthe itapuana","3912101","3912101","SPECIES","ACCEPTED"
"132","Pterodon apparicioi Pedersoli","Pterodon apparicioi Pedersoli","Pterodon emarginatus","5342613","5342608","SPECIES","SYNONYM"
"133","Senegalia harleyi Seigler, Ebinger, & P.G. Ribeiro","Senegalia harleyi Seigler, Ebinger & P.G.Ribeiro","Senegalia harleyi","8411211","8411211","SPECIES","ACCEPTED"
"134","Senegalia piauhiensis (Benth.) Seigler & Ebinger","Senegalia piauhiensis (Benth.) Seigler & Ebinger","Senegalia piauhiensis","7655943","7655943","SPECIES","ACCEPTED"
"135","Senna reniformis (G.Don) H.S.Irwin & Barneby","Senna reniformis (G.Don) H.S.Irwin & Barneby","Senna reniformis","2957418","2957418","SPECIES","ACCEPTED"
"136","Staminodianthus rosae (H.C.Lima) D.B.O.S.Cardoso & H.C.Lima","Staminodianthus rosae (H.C.Lima) D.B.O.S.Cardoso & H.C.Lima","Diplotropis racemosa","8227310","5355640","SPECIES","SYNONYM"
"137","Swartzia arumateuana (R. S. Cowan) Torke & Mansano","Swartzia arumateuana (R.S.Cowan) Torke & Mansano","Swartzia flaemingii","8066295","5352013","SPECIES","SYNONYM"
"138","Swartzia corrugata Benth.","Swartzia corrugata Benth.","Swartzia corrugata","5351906","5351906","SPECIES","ACCEPTED"
"139","Swartzia longistipitata Ducke","Swartzia longistipitata Ducke","Swartzia longistipitata","5351977","5351977","SPECIES","ACCEPTED"
"140","Swartzia oblata R.S.Cowan","Swartzia oblata R.S.Cowan","Swartzia oblata","5351989","5351989","SPECIES","ACCEPTED"
"141","Swartzia parvipetala (R.S.Cowan) Mansano","Swartzia parvipetala (R.S.Cowan) Mansano","Swartzia multijuga","5616771","5352110","SPECIES","SYNONYM"
"142","Swartzia pilulifera Benth.","Swartzia pilulifera Benth.","Swartzia pilulifera","5351983","5351983","SPECIES","ACCEPTED"
"143","Swartzia polita (R.S.Cowan) Torke","Swartzia polita (R.S.Cowan) Torke","Swartzia flaemingii","5616754","5352013","SPECIES","SYNONYM"
"144","Swartzia psilonema Harms","Swartzia psilonema Harms","Swartzia flaemingii","5352017","5352013","SPECIES","SYNONYM"
"145","Tachigali goeldiana (Huber) L.G.Silva & H.C.Lima","Tachigali goeldiana (Huber) L.F.Gomes da Silva & H.C.Lima","Sclerolobium goeldianum","3932319","2952600","SPECIES","SYNONYM"
"146","Tachigali rubiginosa (Mart. ex Tul.) Oliveira-Filho","Tachigali rubiginosa (Mart. ex Tul.) Oliveira-Filho","Sclerolobium paniculatum","3969384","2952587","SPECIES","SYNONYM"
"147","Macrocarpaea glaziovii Gilg","Macrocarpaea glaziovii Gilg","Macrocarpaea glaziovii","7269980","7269980","SPECIES","ACCEPTED"
"148","Humiriastrum mussungense Cuatrec.","Humiriastrum mussungense Cuatrec.","Humiriastrum mussungense","7890644","7890644","SPECIES","ACCEPTED"
"149","Vantanea bahiaensis Cuatrec.","Vantanea bahiaensis Cuatrec.","Vantanea bahiaensis","3649177","3649177","SPECIES","ACCEPTED"
"150","Vismia atlantica L. Marinho & M.V. Martins","Vismia atlantica L.Marinho & M.V.Martins","Vismia atlantica","8607017","8607017","SPECIES","ACCEPTED"
"151","Vismia cauliflora A.C.Sm.","Vismia cauliflora A.C.Sm.","Vismia cauliflora","3714517","3714517","SPECIES","ACCEPTED"
"152","Vismia magnoliifolia Cham. & Schltdl.","Vismia magnoliifolia Cham. & Schltdl.","Vismia magnoliifolia","3713795","3713795","SPECIES","ACCEPTED"
"153","Vismia micrantha A.St.-Hil.","Vismia micrantha A.St.-Hil.","Vismia micrantha","7745476","7745476","SPECIES","ACCEPTED"
"154","Lacistema serrulatum Mart.","Lacistema serrulatum Mart.","Lacistema serrulatum","3075385","3075385","SPECIES","ACCEPTED"
"155","Cyanocephalus lippioides (Pohl ex Benth.) Harley & J.F.B.Pastore","Cyanocephalus lippioides (Pohl ex Benth.) Harley & J.F.B.Pastore","Cyanocephalus lippioides","7809495","7809495","SPECIES","ACCEPTED"
"156","Vitex mexiae Moldenke","Vitex mexiae Moldenke","Vitex sellowiana","3904269","7309234","SPECIES","SYNONYM"
"157","Vitex spongiocarpa Ducke","Vitex spongiocarpa Ducke","Vitex sprucei","7309219","7309214","SPECIES","SYNONYM"
"158","Aniba viridis Mez","Aniba viridis Mez","Aniba firmula","4180132","3034089","SPECIES","SYNONYM"
"159","Beilschmiedia emarginata (Meisn.) Kosterm.","Beilschmiedia emarginata (Meisn.) Kosterm.","Beilschmiedia emarginata","4177462","4177462","SPECIES","ACCEPTED"
"160","Beilschmiedia taubertiana (Schwacke & Mez) Kosterm.","Beilschmiedia taubertiana (Schwacke & Mez) Kosterm.","Beilschmiedia taubertiana","4182947","4182947","SPECIES","ACCEPTED"
"161","Cinnamomum glaziovii (Mez) Kosterm.","Cinnamomum glaziovii (Mez) Kosterm.","Aiouea glaziovii","4175665","9687122","SPECIES","SYNONYM"
"162","Cryptocarya micrantha Meisn.","Cryptocarya micrantha Meisn.","Cryptocarya micrantha","4183303","4183303","SPECIES","ACCEPTED"
"163","Cryptocarya riedeliana P.L.R.Moraes","Cryptocarya riedeliana P.L.R.Moraes","Cryptocarya riedeliana","4181855","4181855","SPECIES","ACCEPTED"
"164","Endlicheria glomerata Mez","Endlicheria glomerata Mez","Endlicheria glomerata","4176379","4176379","SPECIES","ACCEPTED"
"165","Nectandra leucantha Nees","Nectandra leucantha Nees","Nectandra leucantha","7830782","7830782","SPECIES","ACCEPTED"
"166","Ocotea arenicola L.C.S. Assis e Mello-Silva","Ocotea arenicola L.C.S.Assis & Mello-Silva","Ocotea arenicola","8181570","8181570","SPECIES","ACCEPTED"
"167","Ocotea argentea Mez","Ocotea argentea Mez","Ocotea argentea","4177560","4177560","SPECIES","ACCEPTED"
"168","Ocotea insignis Mez","Ocotea insignis Mez","Ocotea insignis","4180574","4180574","SPECIES","ACCEPTED"
"169","Ocotea kostermanniana Vattimo-Gil","Ocotea kostermanniana Vattimo-Gil","Ocotea kostermanniana","4180144","4180144","SPECIES","ACCEPTED"
"170","Ocotea microbotrys (Meisn.) Mez","Ocotea microbotrys Mez","Ocotea microbotrys","4178590","4178590","SPECIES","ACCEPTED"
"171","Ocotea montana (Meisn.) Mez","Ocotea montana Mez","Ocotea montana","4178352","4178352","SPECIES","ACCEPTED"
"172","Ocotea oppositifolia S.Yasuda","Ocotea oppositifolia S.Yasuda","Ocotea oppositifolia","4177437","4177437","SPECIES","ACCEPTED"
"173","Ocotea pluridomatiata A.Quinet","Ocotea pluridomatiata A.Quinet","Ocotea pluridomatiata","4176590","4176590","SPECIES","ACCEPTED"
"174","Ocotea pulchra Vattimo-Gil","Ocotea pulchra Vattimo-Gil","Ocotea pulchra","7701491","7701491","SPECIES","ACCEPTED"
"175","Ocotea teleiandra (Meisn.) Mez","Ocotea teleiandra (Meisn.) Mez","Ocotea teleiandra","4181788","4181788","SPECIES","ACCEPTED"
"176","Ocotea tenuiflora (Nees) Mez","Ocotea tenuiflora Mez","Ocotea tenuiflora","4181716","4181716","SPECIES","ACCEPTED"
"177","Ocotea urbaniana Mez","Ocotea urbaniana Mez","Ocotea urbaniana","4181276","4181276","SPECIES","ACCEPTED"
"178","Ocotea venulosa (Nees) Baitello","Ocotea venulosa (Nees) Baitello","Ocotea laxa","4180989","4179789","SPECIES","SYNONYM"
"179","Ocotea villosa Kosterm.","Ocotea villosa Kosterm.","Ocotea villosa","4180851","4180851","SPECIES","ACCEPTED"
"180","Persea alba Nees & Mart.","Persea alba Nees","Persea alba","4176654","4176654","SPECIES","ACCEPTED"
"181","Persea aurata Miq.","Persea aurata Miq.","Persea aurata","4176258","4176258","SPECIES","ACCEPTED"
"182","Persea caesia Meisn.","Persea caesia Meisn.","Neolitsea foliosa","4175752","4179928","SPECIES","SYNONYM"
"183","Byrsonima myricifolia Griseb.","Byrsonima myricifolia Griseb.","Byrsonima myricifolia","7285545","7285545","SPECIES","ACCEPTED"
"184","Byrsonima nitidifolia A.Juss.","Byrsonima nitidifolia A.Juss.","Byrsonima nitidifolia","3985126","3985126","SPECIES","ACCEPTED"
"185","Byrsonima perseifolia Griseb.","Byrsonima perseifolia Griseb.","Byrsonima perseifolia","7949004","7949004","SPECIES","ACCEPTED"
"186","Heteropterys sincorensis W.R. Anderson","Heteropterys sincorensis W.R.Anderson","Heteropterys sincorensis","3986170","3986170","SPECIES","ACCEPTED"
"187","Ptilochaeta glabra Nied.","Ptilochaeta glabra Nied.","Ptilochaeta glabra","7285562","7285562","SPECIES","ACCEPTED"
"188","Ceiba crispiflora (Kunth) Ravenna","Ceiba crispiflora (Humb., Bonpl. & Kunth) Ravenna","Ceiba crispiflora","7730107","7730107","SPECIES","ACCEPTED"
"189","Ceiba glaziovii (Kuntze) K.Schum.","Ceiba glaziovii K.Schum.","Ceiba glaziovii","7813916","7813916","SPECIES","ACCEPTED"
"190","Eriotheca pentaphylla (Vell. & K.Schum.) A.Robyns","Eriotheca pentaphylla (Vell.) A.Robyns","Eriotheca pentaphylla","7296179","7296179","SPECIES","ACCEPTED"
"191","Helicteres macropetala A.St.-Hil.","Helicteres macropetala A.St.-Hil.","Helicteres macropetala","7426238","7426238","SPECIES","DOUBTFUL"
"192","Mollia burchellii Sprague","Mollia burchellii Sprague","Mollia burchellii","5705985","5705985","SPECIES","ACCEPTED"
"193","Pavonia calyculosa A.St.-Hil. & Naudin","Pavonia calyculosa A.St.-Hil. & Naudin","Pavonia calyculosa","5619228","5619228","SPECIES","ACCEPTED"
"194","Pavonia makoyana E.Morren","Pavonia makoyana E.Morr.","Pavonia makoyana","5618728","5618728","SPECIES","ACCEPTED"
"195","Pseudobombax petropolitanum A.Robyns","Pseudobombax petropolitanum A.Robyns","Pseudobombax petropolitanum","4073627","4073627","SPECIES","ACCEPTED"
"196","Pterygota brasiliensis Allemão","Pterygota brasiliensis Allemão","Pterygota brasiliensis","3668246","3668246","SPECIES","ACCEPTED"
"197","Quararibea ochrocalyx (K.Schum.) Vischer","Quararibea ochrocalyx (Schum.) Vischer","Matisia ochrocalyx","4073871","4073635","SPECIES","SYNONYM"
"198","Behuria insignis Cham.","Behuria insignis Cham.","Behuria insignis","3866964","3866964","SPECIES","ACCEPTED"
"199","Huberia consimilis Baumgratz","Huberia consimilis J.F.A.Baumgratz","Huberia consimilis","5599299","5599299","SPECIES","ACCEPTED"
"200","Huberia glazioviana Cogn.","Huberia glazioviana Cogn.","Huberia glazioviana","5599295","5599295","SPECIES","ACCEPTED"
"201","Lavoisiera nervulosa Naudin","Lavoisiera nervulosa Naudin","Lavoisiera nervulosa","3867552","3867552","SPECIES","ACCEPTED"
"202","Leandra cogniauxii (D'El Rei Souza) Reginato","Leandra cogniauxii (Glaz. ex D' El Rei Souza) Reginato","Leandra cogniauxii","8915944","8915944","SPECIES","ACCEPTED"
"203","Leandra fallacissima Markgr.","Leandra fallacissima Markgr.","Leandra fallacissima","3864675","3864675","SPECIES","ACCEPTED"
"204","Leandra lancifolia Cogn.","Leandra lancifolia Cogn.","Leandra lancifolia","3863783","3863783","SPECIES","ACCEPTED"
"205","Leandra pennipilis (Triana) Cogn.","Leandra pennipilis Cogn","Leandra pennipilis","3862557","3862557","SPECIES","ACCEPTED"
"206","Leandra pilonensis Wurdack","Leandra pilonensis Wurdack","Leandra pilonensis","3862504","3862504","SPECIES","ACCEPTED"
"207","Leandra umbellata DC.","Leandra umbellata DC.","Leandra umbellata","3860753","3860753","SPECIES","ACCEPTED"
"208","Macairea theresiae Cogn.","Macairea theresiae Cogn.","Macairea theresiae","3859057","3859057","SPECIES","ACCEPTED"
"209","Meriania calophylla (Cham.) Triana","Meriania calophylla Triana","Meriania calophylla","5599889","5599889","SPECIES","ACCEPTED"
"210","Meriania claussenii (Naudin) Triana","Meriania claussenii Triana","Meriania claussenii","5599875","5599875","SPECIES","ACCEPTED"
"211","Meriania paniculata (DC.) Triana","Meriania paniculata Triana","Meriania paniculata","3861934","3861934","SPECIES","ACCEPTED"
"212","Merianthera sipolisii (Glaz. & Cogn.) Wurdack","Merianthera sipolisii (Glaz. & Cogn.) Wurdack","Merianthera sipolisii","3861276","3861276","SPECIES","ACCEPTED"
"213","Miconia brunnea DC.","Miconia brunnea DC.","Miconia brunnea","3858178","3858178","SPECIES","ACCEPTED"
"214","Miconia formosa Cogn.","Miconia formosa Cogn.","Miconia formosa","3865979","3865979","SPECIES","ACCEPTED"
"215","Miconia goldenbergiana Caddah","Miconia goldenbergiana Caddah","Miconia goldenbergiana","10268783","10268783","SPECIES","ACCEPTED"
"216","Miconia irwinii Wurdack","Miconia irwinii Wurdack","Miconia irwinii","3863468","3863468","SPECIES","ACCEPTED"
"217","Miconia nordestina R.Goldenb. & E.C.O.Chagas","Miconia nordestina R.Goldenb. & E.C.O.Chagas","Miconia nordestina","8235079","8235079","SPECIES","ACCEPTED"
"218","Miconia tentaculifera Naudin","Miconia tentaculifera Naudin","Miconia tentaculifera","3865111","3865111","SPECIES","ACCEPTED"
"219","Miconia urophylla DC.","Miconia urophylla DC.","Miconia urophylla","3863417","3863417","SPECIES","ACCEPTED"
"220","Mouriri arborea Gardner","Mouriri arborea Gardn.","Mouriri arborea","5938540","5938540","SPECIES","ACCEPTED"
"221","Mouriri cearensis Huber","Mouriri cearensis Huber","Mouriri cearensis","3870886","3870886","SPECIES","ACCEPTED"
"222","Mouriri chamissoana Cogn.","Mouriri chamissoana Cogn.","Mouriri chamissoana","3870876","3870876","SPECIES","ACCEPTED"
"223","Pleroma candolleanum (Mart. ex DC.) Triana","Pleroma candolleanum Triana","Pleroma candolleanum","5601584","5601584","SPECIES","ACCEPTED"
"224","Pleroma fissinervium Schrank et Mart. ex DC.","Pleroma fissinervium Schrank & Mart. ex DC.","Pleroma fissinervium","8756949","8756949","SPECIES","DOUBTFUL"
"225","Tibouchina barnebyana Wurdack","Tibouchina barnebyana Wurdack","Tibouchina barnebyana","3864080","3864080","SPECIES","ACCEPTED"
"226","Tibouchina canescens (D.Don) Cogn.","Tibouchina canescens (D.Don) Cogn.","Pleroma diplostegium","3863808","5601520","SPECIES","SYNONYM"
"227","Tibouchina francavillana Cogn.","Tibouchina francavillana Cogn.","Pleroma setulosum","3862905","5601309","SPECIES","SYNONYM"
"228","Tibouchina regnellii Cogn.","Tibouchina regnellii Cogn.","Tibouchina regnellii","3860201","3860201","SPECIES","ACCEPTED"
"229","Trembleya pentagona Naudin","Trembleya pentagona Naudin","Trembleya pentagona","3868359","3868359","SPECIES","ACCEPTED"
"230","Guarea blanchetii C.DC.","Guarea blanchetii C.DC.","Guarea blanchetii","3849700","3849700","SPECIES","ACCEPTED"
"231","Emmotum harleyi R.Duno","Emmotum harleyi R.Duno","Emmotum harleyi","3597209","3597209","SPECIES","ACCEPTED"
"232","Macropeplus dentatus (Perkins) I.Santos & Peixoto","Macropeplus dentatus (Perkins) I.Santos & Peixoto","Macropeplus dentatus","5576481","5576481","SPECIES","ACCEPTED"
"233","Mollinedia longifolia Perkins","Mollinedia longifolia Perkins","Mollinedia longifolia","7726504","7726504","SPECIES","DOUBTFUL"
"234","Ficus holosericea Schott","Ficus holosericea Schott","Ficus holosericea","5570480","5570480","SPECIES","ACCEPTED"
"235","Ficus lagoensis C.C.Berg & Carauta","Ficus lagoensis C.C.Berg & Carauta","Ficus lagoensis","5572514","5572514","SPECIES","ACCEPTED"
"236","Ficus organensis (Miq.) Miq.","Ficus organensis Miq.","Ficus organensis","5570372","5570372","SPECIES","ACCEPTED"
"237","Virola officinalis Warb.","Virola officinalis Warb.","Virola officinalis","3742969","3742969","SPECIES","ACCEPTED"
"238","Calyptranthes grandiflora O.Berg","Calyptranthes grandiflora O.Berg","Calyptranthes grandiflora","3181300","3181300","SPECIES","ACCEPTED"
"239","Calyptranthes obovata Kiaersk.","Calyptranthes obovata Kiaersk.","Calyptranthes obovata","3181349","3181349","SPECIES","ACCEPTED"
"240","Calyptranthes rufa O.Berg","Calyptranthes rufa O.Berg","Calyptranthes rufa","3181559","3181559","SPECIES","ACCEPTED"
"241","Calyptranthes spruceana O.Berg","Calyptranthes spruceana O.Berg","Calyptranthes spruceana","3181643","3181643","SPECIES","ACCEPTED"
"242","Campomanesia simulans M.L.Kawas.","Campomanesia simulans M.L.Kawasaki","Campomanesia simulans","3180896","3180896","SPECIES","ACCEPTED"
"243","Curitiba prismatica (D.Legrand) Salywon & Landrum","Curitiba prismatica (D.Legrand) Salywon & Landrum","Curitiba prismatica","5420750","5420750","SPECIES","ACCEPTED"
"244","Eugenia acutata Miq.","Eugenia acutata Miq.","Calycorectes acutatus","5415549","3173635","SPECIES","SYNONYM"
"245","Eugenia arenaria Cambess.","Eugenia arenaria Cambess.","Eugenia arenaria","5416603","5416603","SPECIES","ACCEPTED"
"246","Eugenia bacopari D.Legrand","Eugenia bacopari D.Legrand","Eugenia bacopari","5417149","5417149","SPECIES","ACCEPTED"
"247","Eugenia beaurepairiana (Kiaersk.) D.Legrand","Eugenia beaurepairiana (Kiaersk.) D.Legrand","Eugenia ternatifolia","5417091","5417090","SPECIES","SYNONYM"
"248","Eugenia capitulifera O.Berg","Eugenia capitulifera O.Berg","Eugenia capitulifera","5416487","5416487","SPECIES","ACCEPTED"
"249","Eugenia capparidifolia DC.","Eugenia capparidifolia DC.","Eugenia capparidifolia","5416423","5416423","SPECIES","ACCEPTED"
"250","Eugenia chlorophylla O.Berg","Eugenia chlorophylla O.Berg","Eugenia chlorophylla","5416928","5416928","SPECIES","ACCEPTED"
"251","Eugenia dichroma O.Berg","Eugenia dichroma O.Berg","Eugenia dichroma","5416768","5416768","SPECIES","ACCEPTED"
"252","Eugenia ellipsoidea Kiaersk.","Eugenia ellipsoidea Kiaersk.","Eugenia ellipsoidea","5416708","5416708","SPECIES","ACCEPTED"
"253","Eugenia expansa Spring ex Mart.","Eugenia expansa Spring ex Mart.","Eugenia expansa","5417250","5417250","SPECIES","ACCEPTED"
"254","Eugenia flamingensis O.Berg","Eugenia flamingensis O.Berg","Eugenia flamingensis","5416381","5416381","SPECIES","ACCEPTED"
"255","Eugenia handroi (Mattos) Mattos","Eugenia handroi (Mattos) Mattos","Eugenia handroi","5418204","5418204","SPECIES","ACCEPTED"
"256","Eugenia leptoclada O.Berg","Eugenia leptoclada O.Berg","Psidium striatulum","5417504","5420580","SPECIES","SYNONYM"
"257","Eugenia luschnathiana (O.Berg) Klotzsch ex B.D.Jacks.","Eugenia luschnathiana (O.Berg) Klotzsch ex B.D.Jacks.","Eugenia luschnathiana","5417033","5417033","SPECIES","ACCEPTED"
"258","Eugenia macrantha O.Berg","Eugenia macrantha O.Berg","Eugenia macrantha","5416647","5416647","SPECIES","ACCEPTED"
"259","Eugenia macrosperma DC.","Eugenia macrosperma DC.","Eugenia macrosperma","5416291","5416291","SPECIES","ACCEPTED"
"260","Eugenia magnifica Spring ex Mart.","Eugenia magnifica Spring ex Mart.","Eugenia magnifica","5418038","5418038","SPECIES","ACCEPTED"
"261","Eugenia mandioccensis O.Berg","Eugenia mandioccensis O.Berg","Eugenia mandioccensis","5417446","5417446","SPECIES","ACCEPTED"
"262","Eugenia monosperma Vell.","Eugenia monosperma Vell.","Eugenia monosperma","5416318","5416318","SPECIES","ACCEPTED"
"263","Eugenia neosilvestris Sobral","Eugenia neosilvestris Sobral","Eugenia neosilvestris","5417770","5417770","SPECIES","ACCEPTED"
"264","Eugenia oeidocarpa O.Berg","Eugenia oeidocarpa O.Berg","Eugenia oeidocarpa","5416576","5416576","SPECIES","ACCEPTED"
"265","Eugenia pantagensis O.Berg","Eugenia pantagensis O.Berg","Eugenia pantagensis","5417730","5417730","SPECIES","ACCEPTED"
"266","Eugenia platyphylla O.Berg","Eugenia platyphylla O.Berg","Eugenia platyphylla","5417088","5417088","SPECIES","ACCEPTED"
"267","Eugenia puberula Nied.","Eugenia puberula Nied.","Eugenia puberula","5416529","5416529","SPECIES","ACCEPTED"
"268","Eugenia rosea DC.","Eugenia rosea DC.","Eugenia rosea","5417037","5417037","SPECIES","ACCEPTED"
"269","Eugenia rostrifolia D.Legrand","Eugenia rostrifolia D.Legrand","Eugenia rostrifolia","5416868","5416868","SPECIES","ACCEPTED"
"270","Eugenia schottiana O.Berg","Eugenia schottiana O.Berg","Eugenia schottiana","5416528","5416528","SPECIES","ACCEPTED"
"271","Eugenia sphenophylla O.Berg","Eugenia sphenophylla O.Berg","Eugenia sphenophylla","5417557","5417557","SPECIES","ACCEPTED"
"272","Eugenia sprengelii DC.","Eugenia sprengelii DC.","Eugenia sprengelii","5416360","5416360","SPECIES","ACCEPTED"
"273","Eugenia supraaxillaris Spring","Eugenia supraaxillaris Spring","Eugenia supraaxillaris","7425866","7425866","SPECIES","DOUBTFUL"
"274","Eugenia umbrosa O.Berg","Eugenia umbrosa O.Berg","Psidium guyanense","5416798","5420620","SPECIES","SYNONYM"
"275","Eugenia xanthoxyloides Cambess.","Eugenia xanthoxyloides Cambess.","Eugenia xanthoxyloides","5417502","5417502","SPECIES","ACCEPTED"
"276","Eugenia zuccarinii O.Berg","Eugenia zuccarinii O.Berg","Eugenia zuccarinii","5417029","5417029","SPECIES","ACCEPTED"
"277","Marlierea polygama (O.Berg) D.Legrand","Marlierea polygama (O.Berg) D.Legrand","Marlierea polygama","3186350","3186350","SPECIES","ACCEPTED"
"278","Marlierea teuscheriana (O.Berg) D.Legrand","Marlierea teuscheriana (O.Berg) D.Legrand","Marlierea teuscheriana","3186331","3186331","SPECIES","ACCEPTED"
"279","Myrceugenia acutata D.Legrand","Myrceugenia acutata Diego Legrand","Myrceugenia ovata","3185653","3185639","SPECIES","SYNONYM"
"280","Myrceugenia acutiflora (Kiaersk.) D.Legrand & Kausel","Myrceugenia acutiflora (Kiaersk.) D.Legrand & Kausel","Myrceugenia acutiflora","3185766","3185766","SPECIES","ACCEPTED"
"281","Myrceugenia cucullata D.Legrand","Myrceugenia cucullata D.Legrand","Myrceugenia cucullata","3185526","3185526","SPECIES","ACCEPTED"
"282","Myrceugenia mesomischa (Burret) D.Legrand & Kausel","Myrceugenia mesomischa (Burret) D.Legrand & Kausel","Myrceugenia mesomischa","3185637","3185637","SPECIES","ACCEPTED"
"283","Myrcia eugeniopsoides (D.Legrand & Kausel) Mazine","Myrcia eugeniopsoides (D.Legrand & Kausel) Mazine","Myrcia eugeniopsoides","9253542","9253542","SPECIES","ACCEPTED"
"284","Myrcia ferruginosa Mazine","Myrcia ferruginosa Mazine","Myrcia ferruginosa","8596323","8596323","SPECIES","ACCEPTED"
"285","Myrcia multipunctata Mazine","Myrcia multipunctata Mazine","Myrcia multipunctata","9588395","9588395","SPECIES","ACCEPTED"
"286","Myrcia vellozoi Mazine","Myrcia vellozoi Mazine","Myrcia vellozoi","9424370","9424370","SPECIES","ACCEPTED"
"287","Myrciaria disticha O.Berg","Myrciaria disticha O.Berg","Myrciaria disticha","3186503","3186503","SPECIES","ACCEPTED"
"288","Myrciaria ferruginea O.Berg","Myrciaria ferruginea O.Berg","Myrciaria ferruginea","3186435","3186435","SPECIES","ACCEPTED"
"289","Myrciaria glomerata O.Berg","Myrciaria glomerata O.Berg","Myrciaria glomerata","3186552","3186552","SPECIES","ACCEPTED"
"290","Myrciaria guaquiea (Kiaersk.) Mattos & D.Legrand","Myrciaria guaquiea (Kiaersk.) Mattos & D.Legrand","Myrciaria guaquiea","3186538","3186538","SPECIES","ACCEPTED"
"291","Myrciaria pilosa Sobral & Couto","Myrciaria pilosa Sobral & Couto","Myrciaria pilosa","3186487","3186487","SPECIES","ACCEPTED"
"292","Myrciaria strigipes O.Berg","Myrciaria strigipes O.Berg","Myrciaria strigipes","3186545","3186545","SPECIES","ACCEPTED"
"293","Neomitranthes warmingiana (Kiaersk.) Mattos","Neomitranthes warmingiana (Kiaerskou) Mattos","Neomitranthes warmingiana","3186950","3186950","SPECIES","ACCEPTED"
"294","Siphoneugena kiaerskoviana (Burret) Kausel","Siphoneugena kiaerskoviana (Burret) Kausel","Siphoneugena kiaerskoviana","3181172","3181172","SPECIES","ACCEPTED"
"295","Andradea floribunda Allemão","Andradea floribunda Allemão","Andradea floribunda","3701274","3701274","SPECIES","ACCEPTED"
"296","Ramisia brasiliensis Oliv.","Ramisia brasiliensis Oliv.","Ramisia brasiliensis","7613854","7613854","SPECIES","DOUBTFUL"
"297","Ramisia brasiliensis Oliv.","Ramisia brasiliensis Oliv.","Ramisia brasiliensis","7613854","7613854","SPECIES","DOUBTFUL"
"298","Ouratea multiflora (Pohl) Engl.","Ouratea multiflora Engl.","Ouratea multiflora","3694848","3694848","SPECIES","ACCEPTED"
"299","Ouratea polygyna Engl.","Ouratea polygyna Engl.","Ouratea polygyna","3695782","3695782","SPECIES","ACCEPTED"
"300","Ouratea xerophila Rizzini","Ouratea xerophila Rizzini","Ouratea xerophila","3695169","3695169","SPECIES","ACCEPTED"
"301","Cathedra rubricaulis Miers","Cathedra rubricaulis Miers","Cathedra rubricaulis","8290571","8290571","SPECIES","ACCEPTED"
"302","Ximenia coriacea Engl.","Ximenia coriacea Engl.","Ximenia coriacea","7326480","7326480","SPECIES","ACCEPTED"
"303","Pera furfuracea Müll.Arg.","Pera furfuracea Müll.Arg.","Pera furfuracea","5614934","5614934","SPECIES","ACCEPTED"
"304","Phyllanthus riedelianus Müll.Arg.","Phyllanthus riedelianus Müll.Arg.","Phyllanthus riedelianus","5382120","5382120","SPECIES","ACCEPTED"
"305","Picramnia excelsa Kuhlm. ex Pirani","Picramnia excelsa Kuhlm. ex Pirani","Picramnia excelsa","7726918","7726918","SPECIES","ACCEPTED"
"306","Coccoloba oblonga Lindau","Coccoloba oblonga Lindau","Coccoloba oblonga","4037032","4037032","SPECIES","ACCEPTED"
"307","Coccoloba schwackeana Lindau","Coccoloba schwackeana Lindau","Coccoloba schwackeana","4035484","4035484","SPECIES","ACCEPTED"
"308","Cybianthus goyazensis Mez","Cybianthus goyazensis Mez","Cybianthus goyazensis","3722952","3722952","SPECIES","ACCEPTED"
"309","Myrsine leuconeura Mart.","Myrsine leuconeura Mart.","Myrsine umbellata","3721095","7422518","SPECIES","SYNONYM"
"310","Myrsine rubra M.F.Freitas & Kin.-Gouv.","Myrsine rubra M.F.Freitas & Kin.-Gouv.","Myrsine rubra","3719831","3719831","SPECIES","ACCEPTED"
"311","Roupala longepetiolata Pohl","Roupala longepetiolata Pohl","Roupala longepetiolata","8183649","8183649","SPECIES","ACCEPTED"
"312","Drypetes sessiliflora Allemão","Drypetes sessiliflora Allem.","Drypetes sessiliflora","3075858","3075858","SPECIES","ACCEPTED"
"313","Ziziphus platyphylla Reissek","Ziziphus platyphylla Reiss.","Sarcomphalus platyphyllus","3875111","9171870","SPECIES","SYNONYM"
"314","Ziziphus undulata Reissek","Ziziphus undulata Reiss.","Sarcomphalus undulatus","3874468","8826109","SPECIES","SYNONYM"
"315","Alseis latifolia Gleason","Alseis latifolia Gleason","Alseis latifolia","5334879","5334879","SPECIES","ACCEPTED"
"316","Alseis sertaneja L. Marinho & J.G. Jardim","Alseis sertaneja L.Marinho & J.G.Jardim","Alseis sertaneja","8765663","8765663","SPECIES","ACCEPTED"
"317","Appunia triphylla Ducke","Appunia triphylla Ducke","Appunia triphylla","2915498","2915498","SPECIES","ACCEPTED"
"318","Bathysa mendoncaei K.Schum.","Bathysa mendoncaei K.Schum.","Bathysa mendoncaei","2909700","2909700","SPECIES","ACCEPTED"
"319","Bathysa nicholsonii K.Schum.","Bathysa nicholsonii K.Schum.","Bathysa nicholsonii","2909717","2909717","SPECIES","ACCEPTED"
"320","Calycophyllum papillosum J.H.Kirkbr.","Calycophyllum papillosum J.H.Kirkbr.","Calycophyllum papillosum","2904004","2904004","SPECIES","ACCEPTED"
"321","Calycophyllum tefense J.H.Kirkbr.","Calycophyllum tefense J.H.Kirkbr.","Calycophyllum tefense","2904020","2904020","SPECIES","ACCEPTED"
"322","Chimarrhis barbata (Ducke) Bremek.","Chimarrhis barbata (Ducke) Bremek.","Chimarrhis barbata","2918973","2918973","SPECIES","ACCEPTED"
"323","Chomelia parviflora (Müll.Arg.) Müll.Arg.","Chomelia parviflora Müll.Arg.","Chomelia parviflora","5337357","5337357","SPECIES","ACCEPTED"
"324","Chomelia parvifolia (Standl.) Govaerts","Chomelia parvifolia (Standl.) Govaerts","Chomelia parvifolia","5337329","5337329","SPECIES","ACCEPTED"
"325","Chomelia pedunculosa Benth.","Chomelia pedunculosa Benth.","Chomelia pedunculosa","5337306","5337306","SPECIES","ACCEPTED"
"326","Coussarea accedens Müll.Arg.","Coussarea accedens Müll.Arg.","Coussarea accedens","2904900","2904900","SPECIES","ACCEPTED"
"327","Coussarea andrei M.S.Pereira & M.R.V.Barbosa","Coussarea andrei M.S.Pereira & M.R.V.Barbosa","Coussarea andrei","8317524","8317524","SPECIES","ACCEPTED"
"328","Coussarea capitata (Benth.) Müll.Arg.","Coussarea capitata (Benth.) Müll.Arg.","Coussarea capitata","2904765","2904765","SPECIES","ACCEPTED"
"329","Coussarea congestiflora Müll.Arg.","Coussarea congestiflora Müll.Arg.","Coussarea congestiflora","2904820","2904820","SPECIES","ACCEPTED"
"330","Coussarea leptopus Müll.Arg.","Coussarea leptopus Müll.Arg.","Coussarea leptopus","2904873","2904873","SPECIES","ACCEPTED"
"331","Coussarea megistophylla Standl.","Coussarea megistophylla Standl.","Coussarea megistophylla","2904854","2904854","SPECIES","ACCEPTED"
"332","Coussarea verticillata Müll.Arg.","Coussarea verticillata Müll.Arg.","Coussarea verticillata","2904879","2904879","SPECIES","ACCEPTED"
"333","Duroia hirsutissima Steyerm.","Duroia hirsutissima Steyerm.","Duroia hirsutissima","2892082","2892082","SPECIES","ACCEPTED"
"334","Duroia palustris Ducke","Duroia palustris Ducke","Duroia palustris","2892132","2892132","SPECIES","ACCEPTED"
"335","Faramea bicolor J.G.Jardim & Zappi","Faramea bicolor J.G.Jardim & Zappi","Faramea bicolor","3848554","3848554","SPECIES","ACCEPTED"
"336","Faramea biflora J.G.Jardim & Zappi","Faramea biflora J.G.Jardim & Zappi","Faramea biflora","3848553","3848553","SPECIES","ACCEPTED"
"337","Faramea martiana Müll.Arg.","Faramea martiana Müll.Arg.","Faramea martiana","2898184","2898184","SPECIES","ACCEPTED"
"338","Faramea oligantha Müll.Arg.","Faramea oligantha Müll.Arg.","Faramea oligantha","2898012","2898012","SPECIES","ACCEPTED"
"339","Faramea truncata (Vell.) Müll.Arg.","Faramea truncata (Vell.) Müll.Arg.","Faramea caudata","2898033","2898111","SPECIES","SYNONYM"
"340","Ferdinandusa leucantha Standl.","Ferdinandusa leucantha Standl.","Ferdinandusa leucantha","2908018","2908018","SPECIES","ACCEPTED"
"341","Guettarda hoffmannseggii Müll.Arg.","Guettarda hoffmannseggii Müll.Arg.","Guettarda hoffmannseggii","2894617","2894617","SPECIES","ACCEPTED"
"342","Guettarda hypoglauca Standl.","Guettarda hypoglauca Standl.","Guettarda hypoglauca","2894791","2894791","SPECIES","ACCEPTED"
"343","Isertia longifolia (Hoffmanns. ex Schult.) K.Schum.","Isertia longifolia K.Schum.","Isertia longifolia","2903535","2903535","SPECIES","ACCEPTED"
"344","Ixora cowanii Bremek.","Ixora cowanii Bremek.","Ixora cowanii","2905596","2905596","SPECIES","ACCEPTED"
"345","Ixora martinsii Standl.","Ixora martinsii Standl.","Ixora martinsii","2905868","2905868","SPECIES","ACCEPTED"
"346","Ixora schottiana Müll.Arg.","Ixora schottiana Müll.Arg.","Ixora gardneriana","2905940","2905939","SPECIES","SYNONYM"
"347","Ixora truncata Müll.Arg.","Ixora truncata Müll.Arg.","Ixora gardneriana","2905941","2905939","SPECIES","SYNONYM"
"348","Psychotria alto-macahensis M. Gomes","Psychotria alto-macahensis M.Gomes","Psychotria alto-macahensis","3845437","3845437","SPECIES","ACCEPTED"
"349","Psychotria glaziovii Müll.Arg.","Psychotria glaziovii Müll.Arg.","Psychotria glaziovii","2923531","2923531","SPECIES","ACCEPTED"
"350","Remijia asperula Standl.","Remijia asperula Standl.","Remijia asperula","2909628","2909628","SPECIES","ACCEPTED"
"351","Rudgea agresteophila Zappi, J.G. Jardim & Bruniera","Rudgea agresteophila Zappi, J.G.Jardim & Bruniera","Rudgea agresteophila","8915585","8915585","SPECIES","ACCEPTED"
"352","Rudgea coriacea (Spreng.) K.Schum.","Rudgea coriacea (Spreng.) K.Schum.","Rudgea coriacea","2910625","2910625","SPECIES","ACCEPTED"
"353","Rudgea jacobinensis Müll.Arg.","Rudgea jacobinensis Müll.Arg.","Rudgea erioloba","2910610","2910832","SPECIES","SYNONYM"
"354","Rudgea malpighiacea Standl.","Rudgea malpighiacea Standl.","Rudgea malpighiacea","2910458","2910458","SPECIES","ACCEPTED"
"355","Rudgea mouririoides Standl.","Rudgea mouririoides Standl.","Rudgea mouririoides","2910467","2910467","SPECIES","ACCEPTED"
"356","Rudgea nodosa (Cham.) Benth.","Rudgea nodosa Benth.","Rudgea nodosa","2910488","2910488","SPECIES","ACCEPTED"
"357","Rudgea obtusa Standl.","Rudgea obtusa Standl.","Rudgea goyazensis","2910834","2910560","SPECIES","SYNONYM"
"358","Rudgea recurva Müll.Arg.","Rudgea recurva Müll.Arg.","Rudgea recurva","2910689","2910689","SPECIES","ACCEPTED"
"359","Schradera brasiliensis Mart. ex Schult.f. & Schult.","Schradera brasiliensis Mart. ex Schult.f.","Schradera brasiliensis","5336410","5336410","SPECIES","ACCEPTED"
"360","Simira pilosa M.R.V.Barbosa & Peixoto","Simira pilosa M.R.Barbosa & Peixoto","Simira corumbensis","5335276","5335284","SPECIES","SYNONYM"
"361","Sphinctanthus acutilobus Huber","Sphinctanthus acutilobus Huber","Sphinctanthus acutilobus","2893761","2893761","SPECIES","ACCEPTED"
"362","Stachyarrhena acutiloba Steyerm.","Stachyarrhena acutiloba Steyerm.","Stachyarrhena acutiloba","2907619","2907619","SPECIES","ACCEPTED"
"363","Stachyarrhena harleyi J.H.Kirkbr.","Stachyarrhena harleyi J.H.Kirkbr.","Stachyarrhena harleyi","2907629","2907629","SPECIES","ACCEPTED"
"364","Angostura quinquefolia Kallunki","Angostura quinquefolia Kallunki","Angostura quinquefolia","3836443","3836443","SPECIES","ACCEPTED"
"365","Conchocarpus diadematus Pirani","Conchocarpus diadematus Pirani","Conchocarpus diadematus","3832518","3832518","SPECIES","ACCEPTED"
"366","Conchocarpus fontanesianus (A. St.-Hil.) Kallunki & Pirani","Conchocarpus fontanesianus (A.St.-Hil.) Kallunki & Pirani","Conchocarpus fontanesianus","3835664","3835664","SPECIES","ACCEPTED"
"367","Conchocarpus santosii Pirani & Kallunki","Conchocarpus santosii Pirani & Kallunki","Conchocarpus santosii","3835147","3835147","SPECIES","ACCEPTED"
"368","Esenbeckia decidua Pirani","Esenbeckia decidua Pirani","Esenbeckia decidua","5593115","5593115","SPECIES","ACCEPTED"
"369","Esenbeckia oligantha Kaastra","Esenbeckia oligantha Kaastra","Esenbeckia oligantha","5592925","5592925","SPECIES","ACCEPTED"
"370","Galipea congestiflora Pirani","Galipea congestiflora Pirani","Galipea congestiflora","3834874","3834874","SPECIES","ACCEPTED"
"371","Galipea grandifolia Engl.","Galipea grandifolia Engl.","Galipea grandifolia","3834735","3834735","SPECIES","ACCEPTED"
"372","Galipea laxiflora Engl.","Galipea laxiflora Engl.","Galipea laxiflora","3834613","3834613","SPECIES","ACCEPTED"
"373","Galipea revoluta Pirani","Galipea revoluta Pirani","Galipea revoluta","3834326","3834326","SPECIES","ACCEPTED"
"374","Helietta glaziovii (Engl.) Pirani","Helietta glaziovii (Engl.) Pirani","Helietta glaziovii","3837592","3837592","SPECIES","ACCEPTED"
"375","Hortia longifolia Spruce ex Engl.","Hortia longifolia Benth. ex Engl.","Hortia longifolia","5594675","5594675","SPECIES","ACCEPTED"
"376","Hortia neblinensis Maguire & B.M.Boom","Hortia neblinensis Maguire & B.M.Boom","Hortia neblinensis","5594660","5594660","SPECIES","ACCEPTED"
"377","Neoraputia trifoliata (Engl.) Emmerich ex Kallunki","Neoraputia trifoliata (Engl.) Emmerich ex Kallunki","Neoraputia trifoliata","7867437","7867437","SPECIES","ACCEPTED"
"378","Pilocarpus grandiflorus Engl.","Pilocarpus grandiflorus Engl.","Pilocarpus grandiflorus","7269562","7269562","SPECIES","ACCEPTED"
"379","Pilocarpus sulcatus Skorupa","Pilocarpus sulcatus Skorupa","Pilocarpus sulcatus","3836989","3836989","SPECIES","ACCEPTED"
"380","Ravenia infelix Vell.","Ravenia infelix Vell.","Ravenia infelix","5593665","5593665","SPECIES","ACCEPTED"
"381","Ravenia polygalaecalyx Ducke","Ravenia polygalaecalyx Ducke","Ravenia polygalaecalyx","5593635","5593635","SPECIES","ACCEPTED"
"382","Ticorea froesii Kallunki","Ticorea froesii Kallunki","Ticorea froesii","3835717","3835717","SPECIES","ACCEPTED"
"383","Zanthoxylum djalma-batistae (Albuq.) P.G.Waterman","Zanthoxylum djalma-batistae (deAlbuquerque) Waterman","Zanthoxylum djalma-batistae","3831618","3831618","SPECIES","ACCEPTED"
"384","Zanthoxylum gardneri Engl.","Zanthoxylum gardneri Engl.","Zanthoxylum gardneri","3838225","3838225","SPECIES","ACCEPTED"
"385","Zanthoxylum kleinii (R.S.Cowan) P.G.Waterman","Zanthoxylum kleinii (R.S.Cowan) Waterman","Zanthoxylum kleinii","3837392","3837392","SPECIES","ACCEPTED"
"386","Zanthoxylum nemorale Mart.","Zanthoxylum nemorale Mart.","Zanthoxylum nemorale","3836229","3836229","SPECIES","ACCEPTED"
"387","Zanthoxylum retusum (Albuq.) P.G.Waterman","Zanthoxylum retusum (de Albuquerque) Waterman","Zanthoxylum retusum","3834809","3834809","SPECIES","ACCEPTED"
"388","Casearia oblongifolia Cambess.","Casearia oblongifolia Cambess.","Casearia oblongifolia","7384060","7384060","SPECIES","ACCEPTED"
"389","Casearia selloana Eichler","Casearia selloana Eichler","Casearia selloana","8428226","8428226","SPECIES","ACCEPTED"
"390","Cupania tenuivalvis Radlk.","Cupania tenuivalvis Radlk.","Cupania tenuivalvis","3784400","3784400","SPECIES","ACCEPTED"
"391","Diatenopteryx grazielae Vaz & Andreata","Diatenopteryx grazielae Vaz & R.H.P.Andreata","Diatenopteryx grazielae","3787652","3787652","SPECIES","ACCEPTED"
"392","Matayba livescens (Radlk.) R. L. G. Coelho, V. C. Souza & Ferrucci","Matayba livescens (Radlk.) R.L.G.Coelho, V.C.Souza & Ferrucci","Matayba livescens","9073189","9073189","SPECIES","ACCEPTED"
"393","Matayba mollis Radlk.","Matayba mollis Radlk.","Matayba mollis","3784144","3784144","SPECIES","ACCEPTED"
"394","Toulicia crassifolia Radlk.","Toulicia crassifolia Radlk.","Toulicia crassifolia","3786369","3786369","SPECIES","ACCEPTED"
"395","Toulicia subsquamulata Radlk.","Toulicia subsquamulata Radlk.","Toulicia subsquamulata","3786265","3786265","SPECIES","ACCEPTED"
"396","Homalolepis cuneata (A.St.-Hil. & Tul.) Devecchi & Pirani","Homalolepis cuneata (A.St.-Hil. & Tul.) Devecchi & Pirani","Simaba floribunda","9294049","3708799","SPECIES","SYNONYM"
"397","Homalolepis ferruginea (A.St.-Hil.) Devecchi & Pirani","Homalolepis ferruginea (A.St.-Hil.) Devecchi & Pirani","Simaba ferruginea","9285448","7329582","SPECIES","SYNONYM"
"398","Siparuna cymosa Tolm.","Siparuna cymosa Tolm.","Siparuna cymosa","3783105","3783105","SPECIES","ACCEPTED"
"399","Cestrum corcovadense Miers","Cestrum corcovadense Miers","Cestrum corcovadense","3797019","3797019","SPECIES","ACCEPTED"
"400","Cestrum subpulverulentum Mart.","Cestrum subpulverulentum Mart.","Cestrum subpulverulentum","7299852","7299852","SPECIES","ACCEPTED"
"401","Solanum castaneum Carvalho","Solanum castaneum Carvalho","Solanum castaneum","2932274","2932274","SPECIES","ACCEPTED"
"402","Solanum falciforme Farruggia","Solanum falciforme Farruggia","Solanum falciforme","8104212","8104212","SPECIES","ACCEPTED"
"403","Solanum sellowianum Sendtn.","Solanum sellowianum Sendtn.","Solanum sellowianum","3801110","3801110","SPECIES","ACCEPTED"
"404","Styrax latifolius Pohl","Styrax latifolius Pohl","Styrax latifolius","7909330","7909330","SPECIES","ACCEPTED"
"405","Styrax pedicellatus (Perkins) B.Walln.","Styrax pedicellatus (Perkins) B.Walln.","Styrax pedicellatus","5541347","5541347","SPECIES","ACCEPTED"
"406","Symplocos nitidiflora Brand","Symplocos nitidiflora Brand","Symplocos nitidiflora","3643679","3643679","SPECIES","ACCEPTED"
"407","Symplocos pentandra (Mattos) Occhioni ex Aranha","Symplocos pentandra (Mattos) Occhioni ex Aranha","Symplocos pentandra","8232570","8232570","SPECIES","ACCEPTED"
"408","Symplocos platyphylla (Pohl) Benth.","Symplocos platyphylla Benth.","Symplocos platyphylla","7318831","7318831","SPECIES","ACCEPTED"
"409","Symplocos pustulosa Aranha","Symplocos pustulosa Aranha","Symplocos pustulosa","7922145","7922145","SPECIES","ACCEPTED"
"410","Daphnopsis brasiliensis Mart.","Daphnopsis brasiliensis Mart. & Zucc.","Daphnopsis brasiliensis","3568340","3568340","SPECIES","ACCEPTED"
"411","Daphnopsis coriacea Taub.","Daphnopsis coriacea Taub.","Daphnopsis coriacea","3568237","3568237","SPECIES","ACCEPTED"
"412","Daphnopsis martii Meisn.","Daphnopsis martii Meisn.","Daphnopsis martii","7311267","7311267","SPECIES","ACCEPTED"
"413","Daphnopsis pseudosalix Domke","Daphnopsis pseudosalix Domke","Daphnopsis pseudosalix","3570475","3570475","SPECIES","ACCEPTED"
"414","Daphnopsis schwackeana Taub.","Daphnopsis schwackeana Taub.","Daphnopsis schwackeana","7311582","7311582","SPECIES","ACCEPTED"
"415","Daphnopsis utilis Warm.","Daphnopsis utilis Warm.","Daphnopsis utilis","3570130","3570130","SPECIES","ACCEPTED"
"416","Coussapoa pachyphylla Akkermans & C.C.Berg","Coussapoa pachyphylla R.W.A.P.Akkermans & C.C.Berg","Coussapoa pachyphylla","4013211","4013211","SPECIES","ACCEPTED"
"417","Coussapoa sprucei Mildbr.","Coussapoa sprucei Mildbr.","Coussapoa sprucei","4013623","4013623","SPECIES","ACCEPTED"
"418","Qualea ingens Warm.","Qualea ingens Warm.","Qualea ingens","7288337","7288337","SPECIES","ACCEPTED"
"419","Vochysia discolor Warm.","Vochysia discolor Warm.","Vochysia discolor","4030802","4030802","SPECIES","ACCEPTED"
"420","Vochysia lucida C.Presl","Vochysia lucida C.Presl","Vochysia lucida","4030435","4030435","SPECIES","ACCEPTED"
"421","Vochysia oppugnata (Vell.) Warm.","Vochysia oppugnata Warm.","Vochysia oppugnata","4030545","4030545","SPECIES","ACCEPTED"
"422","Vochysia saldanhana Warm.","Vochysia saldanhana Warm.","Vochysia saldanhana","8043892","8043892","SPECIES","ACCEPTED"
"423","Acosmium diffusissimum (Mohlenbr.) Yakovlev","Acosmium diffusissimum (Mohlenbr.) Yakovlev","Acosmium diffusissimum","2970504","2970504","SPECIES","ACCEPTED"
"424","Aeschynomene monteiroi Afr.Fern. & P.Bezerra","Aeschynomene monteiroi A.Fern. & P.Bezerra","Aeschynomene monteiroi","2949180","2949180","SPECIES","ACCEPTED"
"425","Androcalymma glabrifolium Dwyer","Androcalymma glabrifolium Dwyer","Androcalymma glabrifolium","2947112","2947112","SPECIES","ACCEPTED"
"426","Bauhinia aureopunctata Ducke","Bauhinia aureopunctata Ducke","Bauhinia aureopunctata","2953424","2953424","SPECIES","ACCEPTED"
"427","Bauhinia bicolor (Bong.) Steud.","Bauhinia bicolor (Bong.) Steud.","Bauhinia bicolor","7845141","7845141","SPECIES","DOUBTFUL"
"428","Bauhinia membranacea Benth.","Bauhinia membranacea Benth.","Bauhinia membranacea","2953527","2953527","SPECIES","ACCEPTED"
"429","Bauhinia piresii Vaz & G.P. Lewis","Bauhinia piresii Vaz & G.P.Lewis","Bauhinia piresii","8559279","8559279","SPECIES","ACCEPTED"
"430","Bauhinia uberlandiana Vaz & G.P. Lewis","Bauhinia uberlandiana Vaz & G.P.Lewis","Bauhinia uberlandiana","8639737","8639737","SPECIES","ACCEPTED"
"431","Calliandra duckei Barneby","Calliandra duckei Barneby","Calliandra duckei","2981834","2981834","SPECIES","ACCEPTED"
"432","Cenostigma nordestinum E. Gagnon & G.P. Lewis","Cenostigma nordestinum E.Gagnon & G.P.Lewis","Cenostigma nordestinum","9306034","9306034","SPECIES","ACCEPTED"
"433","Chamaecrista amabilis H.S.Irwin & Barneby","Chamaecrista amabilis H.S.Irwin & Barneby","Chamaecrista amabilis","2950620","2950620","SPECIES","ACCEPTED"
"434","Chamaecrista amorimii Barneby","Chamaecrista amorimii Barneby","Chamaecrista amorimii","3931998","3931998","SPECIES","ACCEPTED"
"435","Chamaecrista celiae (H.S.Irwin & Barneby) H.S.Irwin & Barneby","Chamaecrista celiae (H.S.Irwin & Barneby) H.S.Irwin & Barneby","Chamaecrista celiae","2950499","2950499","SPECIES","ACCEPTED"
"436","Chamaecrista fulgida Barneby","Chamaecrista fulgida Barneby","Chamaecrista fulgida","3931431","3931431","SPECIES","ACCEPTED"
"437","Chamaecrista lentiscifolia (Benth.) H.S.Irwin & Barneby","Chamaecrista lentiscifolia (Benth.) H.S.Irwin & Barneby","Chamaecrista lentiscifolia","2949660","2949660","SPECIES","ACCEPTED"
"438","Chamaecrista machaeriifolia (Benth.) H.S.Irwin & Barneby","Chamaecrista machaeriifolia (Benth.) H.S.Irwin & Barneby","Chamaecrista machaeriifolia","2950046","2950046","SPECIES","ACCEPTED"
"439","Chamaecrista nuda (H.S.Irwin & Barneby) H.S.Irwin & Barneby","Chamaecrista nuda (H.S.Irwin & Barneby) H.S.Irwin & Barneby","Chamaecrista nuda","2949571","2949571","SPECIES","ACCEPTED"
"440","Chamaecrista pteropoda Barneby","Chamaecrista pteropoda Barneby","Chamaecrista pteropoda","3931866","3931866","SPECIES","ACCEPTED"
"441","Chamaecrista spinulosa (H.S.Irwin & Barneby) H.S.Irwin & Barneby","Chamaecrista spinulosa (H.S.Irwin & Barneby) H.S.Irwin & Barneby","Chamaecrista spinulosa","2950019","2950019","SPECIES","ACCEPTED"
"442","Chamaecrista subpeltata (Rizzini) H.S.Irwin & Barneby","Chamaecrista subpeltata (Rizzini) H.S.Irwin & Barneby","Chamaecrista subpeltata","2950237","2950237","SPECIES","ACCEPTED"
"443","Chamaecrista unijuga (Benth.) Conc. et al.","Chamaecrista unijuga (Benth.) Conc., L.P.Queiroz & G.P.Lewis","Chamaecrista cytisoides","3978238","2950121","SPECIES","SYNONYM"
"444","Copaifera cearensis Huber ex Ducke","Copaifera cearensis Huber ex Ducke","Copaifera cearensis","2978192","2978192","SPECIES","ACCEPTED"
"445","Copaifera piresii Ducke","Copaifera piresii Ducke","Copaifera piresii","2978120","2978120","SPECIES","ACCEPTED"
"446","Coursetia vicioides (Nees & Mart.) Benth.","Coursetia vicioides Benth.","Coursetia vicioides","2959373","2959373","SPECIES","ACCEPTED"
"447","Cynometra macrocarpa A.S.Tav.","Cynometra macrocarpa A.S.Tav.","Cynometra macrocarpa","3931893","3931893","SPECIES","ACCEPTED"
"448","Cynometra marleneae A.S.Tav.","Cynometra marleneae A.S.Tav.","Cynometra marleneae","3965646","3965646","SPECIES","ACCEPTED"
"449","Dahlstedtia lewisiana M.J. Silva & A.M.G. Azevedo","Dahlstedtia lewisiana M.J.Silva & A.M.G.Azevedo","Dahlstedtia lewisiana","8157634","8157634","SPECIES","ACCEPTED"
"450","Dicymbe amazonica Ducke","Dicymbe amazonica Ducke","Dicymbe amazonica","2965722","2965722","SPECIES","ACCEPTED"
"451","Dicymbe arenicola W.A.Rodrigues","Dicymbe arenicola W.A.Rodrigues","Dicymbe arenicola","3908687","3908687","SPECIES","ACCEPTED"
"452","Dimorphandra parviflora Spruce ex Benth.","Dimorphandra parviflora Spruce ex Benth.","Dimorphandra parviflora","2974283","2974283","SPECIES","ACCEPTED"
"453","Eperua praesagata R.S.Cowan","Eperua praesagata R.S.Cowan","Eperua praesagata","2943535","2943535","SPECIES","ACCEPTED"
"454","Erythrostemon calycina (Benth.) L.P.Queiroz","Erythrostemon calycina (Benth.) L.P.Queiroz","Caesalpinia calycina","7687463","2958491","SPECIES","SYNONYM"
"455","Hymenaea cangaceira R.B.Pinto, Mansano & A.M.G.Azevedo","Hymenaea cangaceira R.B.Pinto, Mansano & A.M.G.Azevedo","Hymenaea cangaceira","9791037","9791037","SPECIES","ACCEPTED"
"456","Leptolobium multijugum Sch.Rodr. & A.M.G.Azevedo","Leptolobium multijugum Sch.Rodr. & A.M.G.Azevedo","Leptolobium multijugum","8223997","8223997","SPECIES","ACCEPTED"
"457","Lonchocarpus praecox Mart. ex Benth.","Lonchocarpus praecox Mart. ex Benth.","Lonchocarpus praecox","2969155","2969155","SPECIES","ACCEPTED"
"458","Luetzelburgia amazonica D.B.O.S.Cardoso, L.P.Queiroz & H.C.Lima","Luetzelburgia amazonica D.B.O.S.Cardoso, L.P.Queiroz & H.C.Lima","Luetzelburgia amazonica","7352929","7352929","SPECIES","ACCEPTED"
"459","Luetzelburgia neurocarpa D.B.O.S.Cardoso, L.P.Queiroz & H.C.Lima","Luetzelburgia neurocarpa D.B.O.S.Cardoso, L.P.Queiroz & H.C.Lima","Luetzelburgia neurocarpa","3974038","3974038","SPECIES","ACCEPTED"
"460","Machaerium caratinganum Kuhlm. & Hoehne","Machaerium caratinganum Kuhlm. & Hoehne","Machaerium caratinganum","5354912","5354912","SPECIES","ACCEPTED"
"461","Macrolobium conjunctum R.S.Cowan","Macrolobium conjunctum R.S.Cowan","Macrolobium conjunctum","2948847","2948847","SPECIES","ACCEPTED"
"462","Macrolobium duckeanum R.S.Cowan","Macrolobium duckeanum R.S.Cowan","Macrolobium duckeanum","2948899","2948899","SPECIES","ACCEPTED"
"463","Macrolobium urupaense Hoehne","Macrolobium urupaense Hoehne","Macrolobium urupaense","2948757","2948757","SPECIES","ACCEPTED"
"464","Mimosa bispiculata Barneby","Mimosa bispiculata Barneby","Mimosa bispiculata","3796343","3796343","SPECIES","ACCEPTED"
"465","Mimosa capito Barneby","Mimosa capito Barneby","Mimosa capito","3796185","3796185","SPECIES","ACCEPTED"
"466","Mimosa dominarum Barneby","Mimosa dominarum Barneby","Mimosa dominarum","3795740","3795740","SPECIES","ACCEPTED"
"467","Mimosa gardneri Benth.","Mimosa gardneri Benth.","Mimosa gardneri","2970118","2970118","SPECIES","ACCEPTED"
"468","Mimosa hebecarpa Benth.","Mimosa hebecarpa Benth.","Mimosa hebecarpa","2969643","2969643","SPECIES","ACCEPTED"
"469","Mimosa neonitens (Benth.) L.M. Borges","Mimosa neonitens (Benth.) L.M.Borges","Mimosa neonitens","9469718","9469718","SPECIES","ACCEPTED"
"470","Mimosa rheiptera Barneby","Mimosa rheiptera Barneby","Mimosa rheiptera","3796131","3796131","SPECIES","ACCEPTED"
"471","Mimosa sobralii Grings & O.S. Ribas","Mimosa sobralii Grings & O.S.Ribas","Mimosa sobralii","7888715","7888715","SPECIES","ACCEPTED"
"472","Mimosa urandiensis J.Santos-Silva, M.F.Simon & A.M.G.Azevedo","Mimosa urandiensis J.Santos-Silva, M.F.Simon & A.M.G.Azevedo","Mimosa urandiensis","7729607","7729607","SPECIES","ACCEPTED"
"473","Muellera laticifera (M.J. Silva et al.) M.J. Silva & A.M.G. Azevedo","Muellera laticifera (M.J.Silva et al.) M.J.Silva & A.M.G.Azevedo","Muellera laticifera","7863242","7863242","SPECIES","ACCEPTED"
"474","Muellera nitens M.J. Silva & A.M.G. Azevedo","Muellera nitens M.J.Silva & A.M.G.Azevedo","Muellera nitens","7563491","7563491","SPECIES","ACCEPTED"
"475","Myrocarpus leprosus Pickel","Myrocarpus leprosus Pickel","Myrocarpus leprosus","2945762","2945762","SPECIES","ACCEPTED"
"476","Ormosia froesii Rudd","Ormosia froesii Rudd","Ormosia froesii","5355614","5355614","SPECIES","ACCEPTED"
"477","Ormosia limae D.B.O.S.Cardoso & L.P.Queiroz","Ormosia limae D.B.O.S.Cardoso & L.P.Queiroz","Ormosia limae","7720514","7720514","SPECIES","ACCEPTED"
"478","Ormosia timboensis D.B.O.S.Cardoso, Meireles & H.C.Lima","Ormosia timboensis D.B.O.S.Cardoso, Meireles & H.C.Lima","Ormosia timboensis","8235899","8235899","SPECIES","ACCEPTED"
"479","Panurea bowdichioides C.H.Stirt. ex Povydysh & M.Yu.Gontsch.","Panurea bowdichioides C.H.Stirt. ex Povydysh & M.Yu.Gontsch.","Panurea bowdichioides","7569947","7569947","SPECIES","ACCEPTED"
"480","Paramachaerium krukovii Rudd","Paramachaerium krukovii Rudd","Paramachaerium krukovii","2959528","2959528","SPECIES","ACCEPTED"
"481","Paubrasilia echinata (Lam.) Gagnon, H.C.Lima & G.P.Lewis","Paubrasilia echinata (Lam.) Gagnon, H.C.Lima & G.P.Lewis","Caesalpinia echinata","9119360","2958549","SPECIES","SYNONYM"
"482","Peltogyne excelsa Ducke","Peltogyne excelsa Ducke","Peltogyne excelsa","2952723","2952723","SPECIES","ACCEPTED"
"483","Peltogyne micrantha Ducke","Peltogyne micrantha Ducke","Peltogyne parvifolia","2952696","2952695","SPECIES","SYNONYM"
"484","Piptadenia loefgreniana Hoehne","Piptadenia loefgreniana Hoehne","Piptadenia loefgreniana","3794920","3794920","SPECIES","ACCEPTED"
"485","Pterocarpus monophyllus B.B.Klitgaard, L.P.de Queiroz & G.P.Lewis","Pterocarpus monophyllus Klitg., L.P.Queiroz & G.P.Lewis","Pterocarpus monophyllus","5612408","5612408","SPECIES","ACCEPTED"
"486","Pterocarpus ternatus Rizzini","Pterocarpus ternatus Rizzini","Pterocarpus ternatus","5349261","5349261","SPECIES","ACCEPTED"
"487","Senegalia cearensis Terra & Garcia","Senegalia cearensis Terra & Garcia","Senegalia cearensis","9338759","9338759","SPECIES","ACCEPTED"
"488","Senegalia giganticarpa (G.P.Lewis) Seigler & Ebinger","Senegalia giganticarpa (G.P.Lewis) Seigler & Ebinger","Senegalia giganticarpa","3796134","3796134","SPECIES","ACCEPTED"
"489","Senegalia incerta (Hoehne) Seigler & Ebinger","Senegalia incerta (Hoehne) Seigler & Ebinger","Senegalia incerta","7464219","7464219","SPECIES","ACCEPTED"
"490","Senegalia latifoliola (Kuntze) Seigler & Ebinger","Senegalia latifoliola (Kuntze) Seigler & Ebinger","Senegalia latifoliola","3796046","3796046","SPECIES","ACCEPTED"
"491","Senegalia ricoae (Bocage & Miotto) L.P.Queiroz","Senegalia ricoae (Bocage & Miotto) L.P.Queiroz","Senegalia ricoae","7477287","7477287","SPECIES","ACCEPTED"
"492","Stryphnodendron duckeanum Occhioni","Stryphnodendron duckeanum Occhioni","Stryphnodendron duckeanum","2951715","2951715","SPECIES","ACCEPTED"
"493","Swartzia alagoensis R. B. Pinto, Torke & Mansano","Swartzia alagoensis R.B.Pinto, Torke & Mansano","Swartzia alagoensis","7944403","7944403","SPECIES","ACCEPTED"
"494","Swartzia arenophila R. B. Pinto, Torke & Mansano","Swartzia arenophila R.B.Pinto, Torke & Mansano","Swartzia arenophila","7557537","7557537","SPECIES","ACCEPTED"
"495","Swartzia fimbriata Ducke","Swartzia fimbriata Ducke","Swartzia fimbriata","5352100","5352100","SPECIES","ACCEPTED"
"496","Kerianthera longiflora Zappi & C.T. Oliveira","Kerianthera longiflora Zappi & C.T.Oliveira","Kerianthera longiflora","7614430","7614430","SPECIES","ACCEPTED"
"497","Ladenbergia chapadensis S.Moore","Ladenbergia chapadensis S.Moore","Ladenbergia chapadensis","2908648","2908648","SPECIES","ACCEPTED"
"498","Palicourea apiculata (Müll.Arg.) C.MTaylor","Palicourea apiculata (Müll.Arg.) C.MTaylor","Psychotria apiculata","9631092","2920102","SPECIES","SYNONYM"
"499","Palicourea fissistipula (Müll.Arg.) C.M.Taylor","Palicourea fissistipula (Müll.Arg.) C.M.Taylor","Psychotria fissistipula","9598606","2922314","SPECIES","SYNONYM"
"500","Palicourea forsteronioides (Müll.Arg.) C.M.Taylor","Palicourea forsteronioides (Müll.Arg.) C.M.Taylor","Psychotria forsteronioides","9555593","2921603","SPECIES","SYNONYM"
"501","Palicourea malaneoides (Müll.Arg.) C.M.Taylor","Palicourea malaneoides (Müll.Arg.) C.M.Taylor","Psychotria malaneoides","9288110","2921602","SPECIES","SYNONYM"
"502","Palicourea minutiflora (Müll.Arg.) C.M.Taylor","Palicourea minutiflora (Müll.Arg.) C.M.Taylor","Psychotria minutiflora","9404185","2922635","SPECIES","SYNONYM"
"503","Platycarpum egleri G.K.Rogers","Platycarpum egleri G.K.Rogers","Platycarpum egleri","2897723","2897723","SPECIES","ACCEPTED"
"504","Platycarpum froesii Bremek.","Platycarpum froesii Bremek.","Platycarpum froesii","2897739","2897739","SPECIES","ACCEPTED"
"505","Psychotria krukovii Standl.","Psychotria krukovii Standl.","Psychotria krukovii","2923124","2923124","SPECIES","ACCEPTED"
"506","Psychotria lagoensis Müll.Arg.","Psychotria lagoensis Müll.Arg.","Psychotria leiocarpa","2921845","2910821","SPECIES","SYNONYM"
"507","Psychotria subspathulata (Müll.Arg.) C.M.Taylor","Psychotria subspathulata (Müll.Arg.) C.M.Taylor","Psychotria subspathulata","2923734","2923734","SPECIES","ACCEPTED"
"508","Remijia physophora Benth. ex K.Schum.","Remijia physophora Benth. ex K.Schum.","Remijia physophora","2909677","2909677","SPECIES","ACCEPTED"
